Name,Folder,Header line,X,Y,Count,E[eff] (kPa),E[v=0.50] (kPa)
A1 Indentation_001.txt,A1\Indentations,34,1.0,1.0,1,2.1960610000000003,1.647046
A1 Indentation_002.txt,A1\Indentations,34,1.0,1.0,2,2.205158,1.653868
A1 Indentation_003.txt,A1\Indentations,34,1.0,1.0,3,2.217714,1.663286
A2 Indentation_001.txt,A2\Indentations,34,1.0,1.0,1,2.258917,1.6941869999999999
A2 Indentation_002.txt,A2\Indentations,34,1.0,1.0,2,2.193227,1.6449200000000002
A2 Indentation_003.txt,A2\Indentations,34,1.0,1.0,3,2.242101,1.681576
A3 Indentation_001.txt,A3\Indentations,34,1.0,1.0,1,2.5402199999999997,1.905165
A3 Indentation_003.txt,A3\Indentations,34,1.0,1.0,3,2.4525259999999998,1.839395
A3 Indentation_004.txt,A3\Indentations,34,1.0,1.0,4,2.526994,1.895246
A4 Indentation_001.txt,A4\Indentations,34,1.0,1.0,1,2.629385,1.972039
A4 Indentation_002.txt,A4\Indentations,34,1.0,1.0,2,2.425195,1.818897
A4 Indentation_003.txt,A4\Indentations,34,1.0,1.0,3,2.229795,1.672347
A5 Indentation_003.txt,A5\Indentations,34,1.0,1.0,3,2.258143,1.6936069999999999
A5 Indentation_004.txt,A5\Indentations,34,1.0,1.0,4,2.277753,1.708314
A5 Indentation_005.txt,A5\Indentations,34,1.0,1.0,5,2.210734,1.658051
A5 Indentation_006.txt,A5\Indentations,34,1.0,1.0,6,2.395961,1.796971
A5 Indentation_007.txt,A5\Indentations,34,1.0,1.0,7,2.405048,1.8037860000000001
B1 Indentation_001.txt,B1\Indentations,34,1.0,1.0,1,5.384289,4.038216
B1 Indentation_002.txt,B1\Indentations,34,1.0,1.0,2,5.471232,4.103424
B1 Indentation_003.txt,B1\Indentations,34,1.0,1.0,3,5.409046999999999,4.056785
B2 Indentation_001.txt,B2\Indentations,34,1.0,1.0,1,5.863611,4.397708
B2 Indentation_002.txt,B2\Indentations,34,1.0,1.0,2,6.2511149999999995,4.6883360000000005
B2 Indentation_003.txt,B2\Indentations,34,1.0,1.0,3,6.184026,4.63802
B3 Indentation_001.txt,B3\Indentations,34,1.0,1.0,1,6.88413,5.163097
B3 Indentation_002.txt,B3\Indentations,34,1.0,1.0,2,6.994875,5.246156
B3 Indentation_003.txt,B3\Indentations,34,1.0,1.0,3,6.977698,5.2332730000000005
B4 Indentation_003.txt,B4\Indentations,34,1.0,1.0,2,7.179216,5.384412
B4 Indentation_004.txt,B4\Indentations,34,1.0,1.0,3,7.2733810000000005,5.455035
B4 Indentation_005.txt,B4\Indentations,34,1.0,1.0,4,7.248938,5.4367030000000005
B5 Indentation_001.txt,B5\Indentations,34,1.0,1.0,1,7.797643,5.848232
B5 Indentation_002.txt,B5\Indentations,34,1.0,1.0,2,7.679745,5.759809000000001
B5 Indentation_003.txt,B5\Indentations,34,1.0,1.0,3,7.630604,5.722953
C1 Indentation_001.txt,C1\Indentations,34,1.0,1.0,1,7.026057,5.269542
C1 Indentation_002.txt,C1\Indentations,34,1.0,1.0,2,6.903146,5.177359
C1 Indentation_003.txt,C1\Indentations,34,1.0,1.0,3,6.804018,5.103014
C2 Indentation_001.txt,C2\Indentations,34,1.0,1.0,1,7.827403,5.870552
C2 Indentation_002.txt,C2\Indentations,34,1.0,1.0,2,7.7466040000000005,5.809953
C2 Indentation_003.txt,C2\Indentations,34,1.0,1.0,3,7.766247,5.824686
C3 Indentation_001.txt,C3\Indentations,34,1.0,1.0,1,8.82372,6.61779
C3 Indentation_002.txt,C3\Indentations,34,1.0,1.0,2,8.916507,6.68738
C3 Indentation_003.txt,C3\Indentations,34,1.0,1.0,3,9.042568,6.781926
C4 Indentation_001.txt,C4\Indentations,34,1.0,1.0,1,9.931333,7.4485
C4 Indentation_002.txt,C4\Indentations,34,1.0,1.0,2,9.836525,7.377394000000001
C4 Indentation_003.txt,C4\Indentations,34,1.0,1.0,3,9.843311,7.382483000000001
C5 Indentation_001.txt,C5\Indentations,34,1.0,1.0,1,10.92576,8.19432
C5 Indentation_002.txt,C5\Indentations,34,1.0,1.0,2,10.268606,7.701455
C5 Indentation_003.txt,C5\Indentations,34,1.0,1.0,3,10.753109,8.064832000000001
D1 Indentation_001.txt,D1\Indentations,34,1.0,1.0,1,7.809234999999999,5.8569260000000005
D1 Indentation_002.txt,D1\Indentations,34,1.0,1.0,2,7.898175,5.923632
D1 Indentation_003.txt,D1\Indentations,34,1.0,1.0,3,8.42014,6.315105
D2 Indentation_001.txt,D2\Indentations,34,1.0,1.0,1,8.881425,6.661069
D2 Indentation_002.txt,D2\Indentations,34,1.0,1.0,2,8.624993,6.468745
D2 Indentation_003.txt,D2\Indentations,34,1.0,1.0,3,8.678301,6.508725999999999
D3 Indentation_002.txt,D3\Indentations,34,1.0,1.0,2,10.216301,7.6622259999999995
D3 Indentation_004.txt,D3\Indentations,34,1.0,1.0,4,10.205388000000001,7.654041
D3 Indentation_006.txt,D3\Indentations,34,1.0,1.0,6,10.036766,7.5275739999999995
D4 Indentation_001.txt,D4\Indentations,34,1.0,1.0,1,11.126172,8.344629000000001
D4 Indentation_002.txt,D4\Indentations,34,1.0,1.0,2,11.041357,8.281017
D4 Indentation_003.txt,D4\Indentations,34,1.0,1.0,3,11.130387,8.347790000000002
D5 Indentation_003.txt,D5\Indentations,34,1.0,1.0,3,13.552421,10.164316000000001
D5 Indentation_004.txt,D5\Indentations,34,1.0,1.0,4,13.37395,10.030462
D5 Indentation_005.txt,D5\Indentations,34,1.0,1.0,5,13.293999,9.970499
