Experiment Name,Folder,Well,Filename,GroupID,Time Stamp,Model of fitting,Discard Curve,Young's Modulus (Pa),Eff. Young's Modulus (Pa),Adhesion force (nN),Work of adhesion (μJ/m2),Slope (uN/nm),Point of Contact (nm),Est. Contact Radius (μm),R-Squared,Chi-Squared,RMSE,Force (μN),Indentation depth (nm),Surface (μm),Z (μm),#x,#y,X (μm),Y (μm),Pmin (%),Pmax (%),Pmax for contact point (%),Pmax (μN),Minimum depth (nm),Maximum depth (nm),k (N/m),R (μm),Header k (N/m),Header R (μm),Calibration Factor,Sample Radius (μm),Depth (nm),Duration (s)
med_hor_1,Indentations,,med_hor_1 Indentation_001.txt,nan,01-10-2026 12:16:34,Hertzian Contact,Yes,nan,nan,nan,nan,nan,nan,nan,nan,nan,nan,0.01,2573.18,1860.56,1855.56,1.00,1.00,1999.89,2049.81,nan,nan,14.00,nan,0.00,4240.00,0.490,26.50,0.49,26.50,nan,nan,0.00,13.07
med_hor_1,Indentations,,med_hor_1 Indentation_002.txt,nan,01-10-2026 12:16:53,Hertzian Contact,No,394.16,525.55,nan,nan,nan,13982.76,nan,0.99,22.04,0.00,0.02,3451.99,1860.56,1855.56,1.00,1.00,1999.89,2049.81,nan,nan,14.00,nan,0.00,4240.00,0.490,26.50,0.49,26.50,nan,nan,0.00,20.42
med_hor_1,Indentations,,med_hor_1 Indentation_006.txt,nan,01-10-2026 12:18:33,Hertzian Contact,Yes,nan,nan,nan,nan,nan,nan,nan,nan,nan,nan,0.01,2224.53,1866.73,1861.73,1.00,1.00,1999.89,2049.81,nan,nan,14.00,nan,0.00,4240.00,0.490,26.50,0.49,26.50,nan,nan,0.00,6.23
med_hor_1,Indentations,,med_hor_1 Indentation_007.txt,nan,01-10-2026 12:18:46,Hertzian Contact,No,340.49,453.99,nan,nan,nan,6343.91,nan,0.98,16.26,0.00,0.02,3641.67,1868.94,1863.94,1.00,1.00,1999.89,2049.81,nan,nan,14.00,nan,0.00,4240.00,0.490,26.50,0.49,26.50,nan,nan,0.00,6.23
med_hor_1,Indentations,,med_hor_1 Indentation_009.txt,nan,01-10-2026 12:20:30,Hertzian Contact,Yes,nan,nan,nan,nan,nan,nan,nan,nan,nan,nan,0.00,327.47,1216.84,1211.84,1.00,1.00,1999.89,2049.81,nan,nan,14.00,nan,0.00,4240.00,0.490,26.50,0.49,26.50,nan,nan,0.00,7.19
med_hor_1,Indentations,,med_hor_1 Indentation_012.txt,nan,01-10-2026 12:23:17,Hertzian Contact,No,476.89,635.86,nan,nan,nan,9667.05,nan,0.99,32.40,0.00,0.03,3464.27,1257.73,1252.73,1.00,1.00,2049.74,2199.63,nan,nan,14.00,nan,0.00,4240.00,0.490,26.50,0.49,26.50,nan,nan,0.00,16.67
med_hor_1,Indentations,,med_hor_1 Indentation_013.txt,nan,01-10-2026 12:24:37,Hertzian Contact,No,287.46,383.28,nan,nan,nan,10669.94,nan,0.97,101.21,0.00,0.02,3902.39,1316.85,1311.85,1.00,1.00,2049.74,2199.63,nan,nan,14.00,nan,0.00,4240.00,0.490,26.50,0.49,26.50,nan,nan,0.00,18.02
med_hor_1,Indentations,,med_hor_1 Indentation_014.txt,nan,01-10-2026 12:25:57,Hertzian Contact,No,164.26,219.01,nan,nan,nan,8190.77,nan,0.96,103.28,0.00,0.02,4325.68,1377.44,1372.44,1.00,1.00,2049.74,2399.39,nan,nan,14.00,nan,0.00,4240.00,0.490,26.50,0.49,26.50,nan,nan,0.00,15.83
med_hor_1,Indentations,,Test Indentation_003.txt,nan,01-10-2026 12:12:21,Hertzian Contact,Yes,nan,nan,nan,nan,nan,nan,nan,nan,nan,nan,0.07,1989.28,1801.59,1796.59,1.00,1.00,1999.89,1999.87,nan,nan,14.00,nan,0.00,4240.00,0.490,26.50,0.49,26.50,nan,nan,0.00,5.87
med_hor_1,Indentations,,Test Indentation_004.txt,nan,01-10-2026 12:12:53,Hertzian Contact,Yes,nan,nan,nan,nan,nan,nan,nan,nan,nan,nan,0.05,1628.95,1802.47,1797.47,1.00,1.00,1999.89,1999.87,nan,nan,14.00,nan,0.00,4240.00,0.490,26.50,0.49,26.50,nan,nan,0.00,5.88
med_hor_1,Indentations,,Test Indentation_006.txt,nan,01-10-2026 12:14:29,Hertzian Contact,Yes,nan,nan,nan,nan,nan,nan,nan,nan,nan,nan,0.04,6013.88,1835.27,1830.27,1.00,1.00,1999.89,2049.81,nan,nan,14.00,nan,0.00,4240.00,0.490,26.50,0.49,26.50,nan,nan,0.00,21.70
med_hor_2,Indentations,,med_hor_2 Indentation_003.txt,nan,01-10-2026 14:43:17,Hertzian Contact,Yes,nan,nan,nan,nan,nan,nan,10.60,nan,nan,nan,0.03,4885.10,6471.79,6466.79,1.00,1.00,2399.54,2249.20,nan,nan,14.00,nan,0.00,4240.00,0.490,26.50,0.49,26.50,2.244,nan,0.00,9.17
med_hor_2,matrix_scan01,,med_hor_2 S-1 X-2 Y-1 I-1.txt,nan,01-10-2026 14:10:10,Hertzian Contact,Yes,nan,nan,nan,nan,nan,nan,3.37,nan,nan,nan,0.00,429.47,5290.57,5285.57,2.00,1.00,2150.22,2149.40,nan,nan,14.00,nan,0.00,4240.00,0.490,26.50,0.49,26.50,2.244,nan,0.00,8.75
med_hor_2,matrix_scan01,,med_hor_2 S-1 X-2 Y-2 I-1.txt,nan,01-10-2026 14:09:40,Hertzian Contact,Yes,nan,nan,nan,nan,nan,nan,nan,nan,nan,nan,0.01,0.49,5268.31,5263.31,2.00,2.00,2150.22,2199.35,nan,nan,14.00,nan,0.00,4240.00,0.490,26.50,0.49,26.50,2.244,nan,0.00,8.89
med_hor_2,matrix_scan02,,med_hor_2 S-1 X-1 Y-1 I-1.txt,nan,01-10-2026 14:13:19,Hertzian Contact,Yes,nan,nan,nan,nan,nan,nan,10.60,nan,nan,nan,0.02,4705.25,6121.25,6116.25,1.00,1.00,2150.22,2149.40,nan,nan,14.00,nan,0.00,4240.00,0.490,26.50,0.49,26.50,2.244,nan,0.00,9.52
med_hor_2,matrix_scan02,,med_hor_2 S-1 X-1 Y-2 I-1.txt,nan,01-10-2026 14:13:51,Hertzian Contact,Yes,nan,nan,nan,nan,nan,nan,9.40,nan,nan,nan,0.01,3332.40,6156.30,6151.30,1.00,2.00,2150.22,2199.34,nan,nan,14.00,nan,0.00,4240.00,0.490,26.50,0.49,26.50,2.244,nan,0.00,9.11
med_hor_2,matrix_scan02,,med_hor_2 S-1 X-1 Y-3 I-1.txt,nan,01-10-2026 14:14:26,Hertzian Contact,Yes,nan,nan,nan,nan,nan,nan,8.72,nan,nan,nan,0.01,2870.81,6186.50,6181.50,1.00,3.00,2150.22,2249.28,nan,nan,14.00,nan,0.00,4240.00,0.490,26.50,0.49,26.50,2.244,nan,0.00,9.77
med_hor_2,matrix_scan02,,med_hor_2 S-1 X-2 Y-1 I-1.txt,nan,01-10-2026 14:16:10,Hertzian Contact,Yes,nan,nan,nan,nan,nan,nan,7.01,nan,nan,nan,0.05,1856.01,6311.04,6306.04,2.00,1.00,2200.07,2149.38,nan,nan,14.00,nan,0.00,4240.00,0.490,26.50,0.49,26.50,2.244,nan,0.00,6.79
